Reference,Value,Description,Manufacturer Part Number,Footprint,Quantity
U1,ESP32-S3-DevKitC-1-N8R8,Espressif ESP32-S3 development board,ESP32-S3-DEVKITC-1-N8R8,AMR_Central_ESP32-S3-DevKitC-1_Carrier,1
U2,RFM95W-868S2,HopeRF 868/915MHz LoRa module,RFM95W-868S2,AMR_Central_HOPERF_RFM95W_SMD,1
U3,R-78E5.0-1.0,1A 5V SIP switching regulator,R-78E5.0-1.0,AMR_Central_RECOM_R-78E5.0-1.0_SIP3,1
U4,AP2112K-3.3,600mA low-noise 3.3V LDO,AP2112K-3.3TRG1,AMR_Central_SOT-23-5,1
"J1,J6,J7",2-pin 5.08mm terminal block,Pluggable or fixed terminal block,Generic,AMR_Central_TerminalBlock_2,3
"J2,J3",615006138421,"Horizontal six-position RJ11-compatible modular jack, tab up",Wuerth Elektronik 615006138421,AMR_Central_WR-MJ_615006138421,2
J4,3-pin 5.08mm terminal block,Pluggable or fixed terminal block,Generic,AMR_Central_TerminalBlock_3,1
J5,4-pin 5.08mm terminal block,Pluggable or fixed terminal block,Generic,AMR_Central_TerminalBlock_4,1
J8,1x4 2.54mm header,Service UART header,Generic,AMR_Central_Header_1x4,1
J9,SMA female vertical,868MHz antenna connector,Generic,AMR_Central_SMA_Vertical_THT,1
J10,B2B-XH-A(LF)(SN),2-pin 2.50mm locking header for enclosure button harness,JST B2B-XH-A(LF)(SN),AMR_Central_JST_XH_B2B-XH-A_1x02_P2.50mm,1
ENC-SW1,Panel momentary NO button,Enclosure-mounted setup/reset button wired to J10,Select for enclosure/IP rating,OFF_BOARD,1
F1,PTC 0.75A,1812 resettable fuse,MF-MSMF075-2,AMR_Central_Fuse_1812,1
D1,SMBJ18A,600W unidirectional TVS,SMBJ18A,AMR_Central_D_SMB,1
D2,SS34,3A 40V Schottky diode,SS34,AMR_Central_D_SMA,1
D3-D9,PESD3V3,3.3V ESD protection diode,PESD3V3U1BA,AMR_Central_D_SOD323,7
D10,BZT52C6V2,6.2V Zener clamp,BZT52C6V2,AMR_Central_D_SOD323,1
LED1,GREEN,0805 green LED,Generic,AMR_Central_LED_0805,1
"R1,R2,R4,R12,R14",1k,0805 1% resistor,Generic,AMR_Central_R_0805,5
"R3,R5,R13,R15",10k,0805 1% resistor,Generic,AMR_Central_R_0805,4
R6,220R,0805 1% resistor,Generic,AMR_Central_R_0805,1
"R7,R10,R11",4.7k,0805 1% resistor,Generic,AMR_Central_R_0805,3
"R8,R9",100R,0805 1% resistor,Generic,AMR_Central_R_0805,2
"R16,R17",100k 1%,0805 precision divider,Generic,AMR_Central_R_0805,2
C1,10uF 35V,1210 X7R input capacitor,Generic,AMR_Central_C_1210,1
C2,22uF 10V,1206 X7R output capacitor,Generic,AMR_Central_C_1206,1
"C3,C4",1uF,0805 X7R capacitor,Generic,AMR_Central_C_0805,2
C5,10uF,0805 X7R LoRa bulk capacitor,Generic,AMR_Central_C_0805,1
"C6,C11",100nF,0805 X7R capacitor,Generic,AMR_Central_C_0805,2
TP1-TP4,Test points,Through-hole loop/test point,Generic,AMR_Central_TestPoint_THT,4
