Ref,Val,Package,PosX,PosY,Rot,Side
"C1","10uF 35V","AMR_Central_C_1210",125.000000,-35.000000,90.000000,top
"C2","22uF 10V","AMR_Central_C_1206",116.000000,-35.000000,90.000000,top
"C3","1uF","AMR_Central_C_0805",115.000000,-42.000000,90.000000,top
"C4","1uF","AMR_Central_C_0805",125.000000,-42.000000,90.000000,top
"C5","10uF","AMR_Central_C_0805",114.000000,-50.000000,90.000000,top
"C6","100nF","AMR_Central_C_0805",116.000000,-52.000000,90.000000,top
"C11","100nF","AMR_Central_C_0805",119.000000,-60.710000,90.000000,top
"D1","SMBJ18A","AMR_Central_D_SMB",133.500000,-35.500000,90.000000,top
"D2","SS34","AMR_Central_D_SMA",129.000000,-31.000000,0.000000,top
"D3","PESD3V3","AMR_Central_D_SOD323",71.000000,-84.000000,90.000000,top
"D4","PESD3V3","AMR_Central_D_SOD323",99.000000,-82.000000,90.000000,top
"D5","PESD3V3","AMR_Central_D_SOD323",104.000000,-86.500000,90.000000,top
"D6","PESD3V3","AMR_Central_D_SOD323",113.500000,-86.500000,90.000000,top
"D7","PESD3V3","AMR_Central_D_SOD323",125.500000,-86.500000,90.000000,top
"D8","PESD3V3","AMR_Central_D_SOD323",141.000000,-67.000000,90.000000,top
"D9","PESD3V3","AMR_Central_D_SOD323",138.000000,-74.000000,90.000000,top
"D10","BZT52C6V2","AMR_Central_D_SOD323",131.000000,-60.710000,90.000000,top
"F1","PTC 0.75A","AMR_Central_Fuse_1812",135.000000,-31.000000,0.000000,top
"J1","POWER 7-18V DC","AMR_Central_TerminalBlock_2",141.500000,-31.000000,0.000000,top
"J2","RAIN RJ11","AMR_Central_WR-MJ_615006138421",72.450000,-97.840000,90.000000,top
"J3","WIND+VANE RJ11","AMR_Central_WR-MJ_615006138421",88.450000,-97.840000,90.000000,top
"J4","DHT11","AMR_Central_TerminalBlock_3",107.500000,-95.000000,0.000000,top
"J5","BMP280 I2C","AMR_Central_TerminalBlock_4",134.000000,-95.000000,0.000000,top
"J6","PASSIVE LDR","AMR_Central_TerminalBlock_2",145.000000,-75.000000,90.000000,top
"J7","BAT SENSE 0-6V","AMR_Central_TerminalBlock_2",136.000000,-51.000000,0.000000,top
"J8","SERVICE UART","AMR_Central_Header_1x4",84.000000,-30.500000,0.000000,top
"J9","SMA_868MHz","AMR_Central_SMA_Vertical_THT",145.500000,-56.000000,0.000000,top
"J10","PANEL SETUP BUTTON","AMR_Central_JST_XH_B2B-XH-A_1x02_P2.50mm",82.000000,-58.000000,0.000000,top
"LED1","GREEN","AMR_Central_LED_0805",106.000000,-31.000000,0.000000,top
"R1","1k","AMR_Central_R_0805",110.000000,-31.000000,0.000000,top
"R2","1k","AMR_Central_R_0805",72.710000,-80.000000,0.000000,top
"R3","10k","AMR_Central_R_0805",76.000000,-82.500000,90.000000,top
"R4","1k","AMR_Central_R_0805",83.710000,-77.500000,0.000000,top
"R5","10k","AMR_Central_R_0805",80.000000,-82.000000,90.000000,top
"R6","220R","AMR_Central_R_0805",99.750000,-75.000000,0.000000,top
"R7","4.7k","AMR_Central_R_0805",95.000000,-76.250000,90.000000,top
"R8","100R","AMR_Central_R_0805",115.710000,-70.000000,0.000000,top
"R9","100R","AMR_Central_R_0805",120.790000,-72.500000,0.000000,top
"R10","4.7k","AMR_Central_R_0805",110.000000,-68.750000,90.000000,top
"R11","4.7k","AMR_Central_R_0805",126.000000,-73.750000,90.000000,top
"R12","1k","AMR_Central_R_0805",132.000000,-64.000000,0.000000,top
"R13","10k","AMR_Central_R_0805",126.000000,-64.000000,0.000000,top
"R14","1k","AMR_Central_R_0805",132.000000,-66.500000,0.000000,top
"R15","10k","AMR_Central_R_0805",126.000000,-66.500000,0.000000,top
"R16","100k 1%","AMR_Central_R_0805",126.000000,-59.460000,0.000000,top
"R17","100k 1%","AMR_Central_R_0805",122.000000,-60.710000,90.000000,top
"TP1","+5V","AMR_Central_TestPoint_THT",58.000000,-92.000000,0.000000,top
"TP2","+3V3","AMR_Central_TestPoint_THT",63.000000,-96.000000,0.000000,top
"TP3","GND","AMR_Central_TestPoint_THT",52.000000,-92.000000,0.000000,top
"TP4","LORA_DIO1","AMR_Central_TestPoint_THT",113.000000,-44.000000,0.000000,top
"U1","ESP32-S3-DevKitC-1-N8R8","AMR_Central_ESP32-S3-DevKitC-1_Carrier",40.000000,-34.200000,0.000000,top
"U2","RFM95W-868S2","AMR_Central_HOPERF_RFM95W_SMD",102.000000,-49.000000,0.000000,top
"U3","R-78E5.0-1.0","AMR_Central_RECOM_R-78E5.0-1.0_SIP3",120.000000,-31.000000,0.000000,top
"U4","AP2112K-3.3","AMR_Central_SOT-23-5",120.000000,-42.000000,0.000000,top
